﻿<parameters>
  <parameter name="IIS Web Application Name" defaultValue="Default Web Site/Week2Module1_deploy" tags="IisApp">
    <parameterEntry kind="ProviderPath" scope="IisApp" match="^C:\\Modules\ Developed\\Week2Module1\\Week2Module1\\obj\\Debug\\Package\\PackageTmp$" />
    <parameterEntry kind="ProviderPath" scope="setAcl" match="^C:\\Modules\ Developed\\Week2Module1\\Week2Module1\\obj\\Debug\\Package\\PackageTmp$" />
  </parameter>
  <parameter name="ApplicationServices-Web.config Connection String" description="ApplicationServices Connection String used in web.config by the application to access the database." defaultValue="data source=.\SQLEXPRESS;Integrated Security=SSPI;AttachDBFilename=|DataDirectory|\aspnetdb.mdf;User Instance=true" tags="SqlConnectionString">
    <parameterEntry kind="XmlFile" scope="C:\\Modules\ Developed\\Week2Module1\\Week2Module1\\obj\\Debug\\Package\\PackageTmp\\Web\.config$" match="/configuration/connectionStrings/add[@name='ApplicationServices']/@connectionString" />
  </parameter>
  <parameter name="database-Web.config Connection String" description="database Connection String used in web.config by the application to access the database." defaultValue="data source=(local); Integrated Security=SSPI;Initial Catalog=TrainingDB;" tags="SqlConnectionString">
    <parameterEntry kind="XmlFile" scope="C:\\Modules\ Developed\\Week2Module1\\Week2Module1\\obj\\Debug\\Package\\PackageTmp\\Web\.config$" match="/configuration/connectionStrings/add[@name='database']/@connectionString" />
  </parameter>
</parameters>